<?xml version="1.0" encoding="utf-8" standalone="yes" ?>
<testmodule starttime="2017-03-29 12:25:24" timestamp="   0.492198" verdicts="2_basic">
  <testcase starttime="2017-03-29 12:25:24" timestamp="   0.492198">
    <teststep timestamp="   0.542198" level="1" type="auto" ident="Resume reason" result="na"> Elapsed time=50ms (max=50ms)</teststep>
    <teststep timestamp="   0.542198" level="1" type="auto" ident="Resume reason" result="na">Immediately resumed on setup of wait condition.</teststep>
    <teststep timestamp="   0.542198" level="0" type="user" ident="HeadLight" result="pass">HeadLight is turned on</teststep>
    <teststep timestamp="   0.592198" level="1" type="auto" ident="Resume reason" result="na"> Elapsed time=50ms (max=50ms)</teststep>
    <verdict time="2017-03-29 12:25:24" timestamp="   0.592198" endtime="2017-03-29 12:25:24" endtimestamp="   0.592198" result="pass" />
    <title>tcsDisplay</title>
  </testcase>
  <verdict time="2017-03-29 12:25:24" timestamp="   0.592198" endtime="2017-03-29 12:25:24" endtimestamp="   0.592198" result="pass" />
  <title>Display</title>
  <testlogfiles>
    <testlogfile file="" />
  </testlogfiles>
  <engineer>
    <xinfo>
      <name>Windows Login Name</name>
      <description>visscr</description>
    </xinfo>
  </engineer>
  <testsetup>
    <xinfo>
      <name>Version</name>
      <description>CANoe.ISO11783.J1939.CANaero.CANopen.LIN.MOST.FlexRay.J1587.Ethernet.Car2x.AFDX.A429.XCP.AMD.Scope 10.0.47</description>
    </xinfo>
    <xinfo>
      <name>Configuration</name>
      <description>D:\Demos\Demos_SVN\CANoe Sample Configurations\Programming\Python\CANoeConfig\PythonBasicEmpty.cfg</description>
    </xinfo>
    <xinfo>
      <name>Configuration Comment</name>
      <description></description>
    </xinfo>
    <xinfo>
      <name>Test Module Name</name>
      <description>Display</description>
    </xinfo>
    <xinfo>
      <name>Test Module File</name>
      <description>D:\Demos\Demos_SVN\CANoe Sample Configurations\Programming\Python\CANoeConfig\TestModules\GeneralTest_Display.can</description>
    </xinfo>
    <xinfo>
      <name>Last modification of Test Module File</name>
      <description>2016-12-13, 12:46:30</description>
    </xinfo>
    <xinfo>
      <name>Windows Computer Name</name>
      <description>VISSCR7864NBH</description>
    </xinfo>
    <xinfo>
      <name>Nodelayer Module CANOEILNLVECTOR</name>
      <description>CANoe Interaction Layer NL (Vector) Version 3.16.32 (Jun  3 2016 09:44:38) , C:\Program Files\Vector CANwin 10.0.47\Exec32\CANOEILNLVECTOR.DLL</description>
    </xinfo>
    <xinfo>
      <name>Nodelayer Module J1939TestServiceLibraryNL</name>
      <description>J1939 Test Service Library for CANoe, Version 10.0.47.0, C:\Program Files\Vector CANwin 10.0.47\Exec32\J1939TestServiceLibraryNL.dll</description>
    </xinfo>
    <xinfo>
      <name>Nodelayer Module CANstress_NL</name>
      <description>CANstress NodeLayer for CANoe Version 3.0.15, C:\Program Files\Vector CANwin 10.0.47\Exec32\CANstress_NL.dll</description>
    </xinfo>
    <xinfo>
      <name>Nodelayer Module FRStressNL</name>
      <description>FRstress NL Version 1.0.27, C:\Program Files\Vector CANwin 10.0.47\Exec32\FRStressNL.dll</description>
    </xinfo>
  </testsetup>
</testmodule>
<!--footprint="7cb30399fdad64c6dcd27405dd2b389a" version="1"-->
