<?xml version="1.0" encoding="utf-8" standalone="yes" ?>
<testmodule starttime="2017-03-29 12:03:40" timestamp="   0.655718" verdicts="2_basic">
  <testcase starttime="2017-03-29 12:03:40" timestamp="   0.655718">
    <teststep timestamp="   3.700768" level="1" type="auto" ident="Resume reason" result="na">Resumed on signal &apos;Signal:CAN1/easy/EngineState/EngineSpeed&apos; Elapsed time=3045.05ms (max=4000ms)</teststep>
    <teststep timestamp="   3.700768" level="0" type="user" ident="EngineSpeed" result="pass">Engine Speed correct</teststep>
    <verdict time="2017-03-29 12:03:43" timestamp="   3.700768" endtime="2017-03-29 12:03:43" endtimestamp="   3.700768" result="pass" />
    <title>tcsEngineTest1</title>
  </testcase>
  <verdict time="2017-03-29 12:03:43" timestamp="   3.700768" endtime="2017-03-29 12:03:43" endtimestamp="   3.700768" result="pass" />
  <title>EngineTest1</title>
  <testlogfiles>
    <testlogfile file="" />
  </testlogfiles>
  <engineer>
    <xinfo>
      <name>Windows Login Name</name>
      <description>visscr</description>
    </xinfo>
  </engineer>
  <testsetup>
    <xinfo>
      <name>Version</name>
      <description>CANoe.ISO11783.J1939.CANaero.CANopen.LIN.MOST.FlexRay.J1587.Ethernet.Car2x.AFDX.A429.XCP.AMD.Scope 10.0.47</description>
    </xinfo>
    <xinfo>
      <name>Configuration</name>
      <description>D:\Demos\Demos_SVN\CANoe Sample Configurations\Programming\Python\CANoeConfig\PythonBasicEmpty.cfg</description>
    </xinfo>
    <xinfo>
      <name>Configuration Comment</name>
      <description></description>
    </xinfo>
    <xinfo>
      <name>Test Module Name</name>
      <description>EngineTest1</description>
    </xinfo>
    <xinfo>
      <name>Test Module File</name>
      <description>D:\Demos\Demos_SVN\CANoe Sample Configurations\Programming\Python\CANoeConfig\TestModules\GeneralTests_Engine1.can</description>
    </xinfo>
    <xinfo>
      <name>Last modification of Test Module File</name>
      <description>2016-12-13, 12:19:28</description>
    </xinfo>
    <xinfo>
      <name>Windows Computer Name</name>
      <description>VISSCR7864NBH</description>
    </xinfo>
    <xinfo>
      <name>Nodelayer Module CANOEILNLVECTOR</name>
      <description>CANoe Interaction Layer NL (Vector) Version 3.16.32 (Jun  3 2016 09:44:38) , C:\Program Files\Vector CANwin 10.0.47\Exec32\CANOEILNLVECTOR.DLL</description>
    </xinfo>
    <xinfo>
      <name>Nodelayer Module J1939TestServiceLibraryNL</name>
      <description>J1939 Test Service Library for CANoe, Version 10.0.47.0, C:\Program Files\Vector CANwin 10.0.47\Exec32\J1939TestServiceLibraryNL.dll</description>
    </xinfo>
    <xinfo>
      <name>Nodelayer Module CANstress_NL</name>
      <description>CANstress NodeLayer for CANoe Version 3.0.15, C:\Program Files\Vector CANwin 10.0.47\Exec32\CANstress_NL.dll</description>
    </xinfo>
    <xinfo>
      <name>Nodelayer Module FRStressNL</name>
      <description>FRstress NL Version 1.0.27, C:\Program Files\Vector CANwin 10.0.47\Exec32\FRStressNL.dll</description>
    </xinfo>
  </testsetup>
</testmodule>
<!--footprint="62a89511eda0f8aedf048cafacf8f20f" version="1"-->
