<?xml version="1.0" encoding="utf-8" standalone="yes" ?>
<testmodule starttime="2019-01-13 17:13:00" timestamp="   1.986342" verdicts="2_basic">
  <testgroup>
    <testcase starttime="2019-01-13 17:13:00" timestamp="   1.986342">
      <teststep timestamp="   1.986342" level="1" type="user" ident=" " result="na">
        <tabularinfo expand="true">
          <description>User Structured Data</description>
          <heading>
            <cell>Action         </cell>
            <cell>Expected Result</cell>
            <cell>Observed Result</cell>
            <cell>Result</cell>
          </heading>
          <row level="0">
            <cell>Turn ON the Power supply Wait for 30 Minutes
</cell>
            <cell> Power Supply ON
</cell>
            <cell>Power Supply ON
</cell>
            <cell>warning</cell>
          </row>
        </tabularinfo>
      </teststep>
      <teststep timestamp="   1.986342" level="1" type="user" ident=" " result="na">
        <tabularinfo expand="true">
          <description>User Structured Data</description>
          <heading>
            <cell>Action         </cell>
            <cell>Expected Result</cell>
            <cell>Observed Result</cell>
            <cell>Result</cell>
          </heading>
          <row level="0">
            <cell>Read the CAN signal values : 
</cell>
            <cell> CAN Read
</cell>
            <cell>CAN Signal Read
</cell>
            <cell>warning</cell>
          </row>
        </tabularinfo>
      </teststep>
      <verdict time="2019-01-13 17:13:00" timestamp="   1.986342" endtime="2019-01-13 17:13:00" endtimestamp="   1.986342" result="pass" />
      <title>TC_01_01_Reset_Long_Run</title>
    </testcase>
    <title>Daily_Build_Test</title>
    <ident>Daily_Build_Test_01</ident>
  </testgroup>
  <verdict time="2019-01-13 17:13:00" timestamp="   1.986342" endtime="2019-01-13 17:13:00" endtimestamp="   1.986342" result="pass" />
  <title>Daily_Build_Test</title>
  <description>Integration_Testing:Daily_Build_Test</description>
  <testlogfiles>
    <testlogfile file="" />
  </testlogfiles>
  <engineer>
    <xinfo>
      <name>Windows Login Name</name>
      <description>GGANESAN</description>
    </xinfo>
    <info>
      <name>test engineer</name>
      <description>Ganesan G</description>
    </info>
  </engineer>
  <testsetup>
    <xinfo>
      <name>Version</name>
      <description>CANoe 10.0.77 (SP2)</description>
    </xinfo>
    <xinfo>
      <name>Configuration</name>
      <description>D:\Simulation\Venkataraman_Krishnamoorthy\MQB_MP2020_Basic8_Version 0.1\MQB_MP2020_Basic_8_CANOe_Config10.cfg</description>
    </xinfo>
    <xinfo>
      <name>Configuration Comment</name>
      <description></description>
    </xinfo>
    <xinfo>
      <name>Database DIAG_ENV on MQB_KCAN_KMatrix_V7.12F_20131107_RR_mod1</name>
      <description>D:\Simulation\Venkataraman_Krishnamoorthy\MQB_MP2020_Basic8_Version 0.1\DBC\DIAG_ENV.dbc (2017-07-12 21:37:40)</description>
    </xinfo>
    <xinfo>
      <name>Database EnvDB on MQB_KCAN_KMatrix_V7.12F_20131107_RR_mod1</name>
      <description>D:\Simulation\Venkataraman_Krishnamoorthy\MQB_MP2020_Basic8_Version 0.1\DBC\EnvDB.dbc (2018-01-17 22:50:51)</description>
    </xinfo>
    <xinfo>
      <name>Database Env_7.07 on MQB_KCAN_KMatrix_V7.12F_20131107_RR_mod1</name>
      <description>D:\Simulation\Venkataraman_Krishnamoorthy\MQB_MP2020_Basic8_Version 0.1\DBC\Env_7.07.dbc (2018-04-10 21:30:39)</description>
    </xinfo>
    <xinfo>
      <name>Database Env_OPTICS on MQB_KCAN_KMatrix_V7.12F_20131107_RR_mod1</name>
      <description>D:\Simulation\Venkataraman_Krishnamoorthy\MQB_MP2020_Basic8_Version 0.1\DBC\Env_OPTICS.dbc (2018-11-07 22:37:08)</description>
    </xinfo>
    <xinfo>
      <name>Database MQB_KCAN_KMatrix_V7.20F_20171109_MB_mod5_Merge on MQB_KCAN_KMatrix_V7.12F_20131107_RR_mod1</name>
      <description>D:\Simulation\Venkataraman_Krishnamoorthy\MQB_MP2020_Basic8_Version 0.1\DBC\CAN_DBC\MQB_KCAN_KMatrix_V7.20F_20171109_MB_mod5_Merge.dbc (2018-12-25 13:53:16)</description>
    </xinfo>
    <xinfo>
      <name>Database MQB_Kombi_KW49-16_Vector_EIDs_20161201_au_mod5 on MQB_KCAN_KMatrix_V7.12F_20131107_RR_mod1</name>
      <description>D:\Simulation\Venkataraman_Krishnamoorthy\MQB_MP2020_Basic8_Version 0.1\DBC\CAN_DBC\MQB_Kombi_KW49-16_Vector_EIDs_20161201_au_mod5.dbc (2018-12-25 13:53:08)</description>
    </xinfo>
    <xinfo>
      <name>Database ManufacturingTest on MQB_KCAN_KMatrix_V7.12F_20131107_RR_mod1</name>
      <description>D:\Simulation\Venkataraman_Krishnamoorthy\MQB_MP2020_Basic8_Version 0.1\DBC\ManufacturingTest.dbc (2018-01-17 21:40:11)</description>
    </xinfo>
    <xinfo>
      <name>Database OSEK_TP on MQB_KCAN_KMatrix_V7.12F_20131107_RR_mod1</name>
      <description>D:\Simulation\Venkataraman_Krishnamoorthy\MQB_MP2020_Basic8_Version 0.1\DBC\OSEK_TP.dbc (2015-01-08 23:01:42)</description>
    </xinfo>
    <xinfo>
      <name>Test Module Name</name>
      <description>Daily_Build_Test</description>
    </xinfo>
    <xinfo>
      <name>Test Module File</name>
      <description>D:\My_Work\CAPL_Script\Daily_Build_Test.xml</description>
    </xinfo>
    <xinfo>
      <name>Last modification of Test Module File</name>
      <description>2018-12-20, 11:02:50</description>
    </xinfo>
    <xinfo>
      <name>Test Module Library (CAPL)</name>
      <description>D:\My_Work\CAPL_Script\Daily_Build_Test.can</description>
    </xinfo>
    <xinfo>
      <name>Windows Computer Name</name>
      <description>PDWS314</description>
    </xinfo>
    <xinfo>
      <name>CAPL DLL NMHigh</name>
      <description>C:\Program Files\Vector CANoe 10.0\Exec64\NMHigh.dll</description>
    </xinfo>
    <xinfo>
      <name>Nodelayer Module CANoeILNLVAG</name>
      <description>CANoe Interaction Layer NL (VAG) Version 2.12.46 (Nov 20 2013 09:57:29) , C:\Program Files\Vector CANoe 10.0\Exec64\CANoeILNLVAG.dll</description>
    </xinfo>
    <xinfo>
      <name>Nodelayer Module NMHigh</name>
      <description>NM-High (Version 3.0.1), C:\Program Files\Vector CANoe 10.0\Exec64\NMHigh.dll</description>
    </xinfo>
    <xinfo>
      <name>Nodelayer Module osek_tp</name>
      <description>OSEK_TP (VC12, Version 5.31.65 MSC12.0, Build 65), C:\Program Files\Vector CANoe 10.0\Exec32\osek_tp.dll</description>
    </xinfo>
    <xinfo>
      <name>Nodelayer Module CANOEILNLDEFAULT</name>
      <description>CANoe Interaction Layer NL (Default) Version 3.16.47 (Jul  4 2017 16:23:50) , C:\Program Files\Vector CANoe 10.0\Exec32\CANOEILNLDEFAULT.DLL</description>
    </xinfo>
  </testsetup>
  <hardware name="CAN Channel Interfaces" category="CategoryCANIF">
    <xinfoset type="device">
      <xinfoobject type="device">
      <xinfo key="channel">
        <name>Channel</name>
        <description>1</description>
      </xinfo>
      <xinfo key="device">
        <name>Device</name>
        <description>CANcaseXL</description>
      </xinfo>
      <xinfo key="serialnumber">
        <name>Serial number</name>
        <description>71594</description>
      </xinfo>
      <xinfo key="driverdllversion">
        <name>Driver DLL version</name>
        <description>10.4.12</description>
      </xinfo>
      <xinfo key="driverversion">
        <name>Driver version</name>
        <description>8.7.16</description>
      </xinfo>
      </xinfoobject>
    </xinfoset>
  </hardware>
</testmodule>
<!--footprint="3a651567473de33300c3a2fc1aef2a58" version="1"-->
