TestCaseName,id,rev,par,verdict
Extended session,358229,0,0,Passed
Extended session,358231,0,0,Passed
Extended session,358233,0,0,Passed
Extended session,358238,0,0,Passed
Extended session,358264,0,0,Passed
Extended session,358294,0,0,Failed
Extended session,358298,0,0,Passed
Default session,358312,0,0,Passed
Extended session,359943,0,0,Passed
Extended session,359945,0,0,Passed
Extended session,359947,0,0,Passed
Extended session,359970,0,0,Passed
Extended session,359986,0,0,Passed
Programming session,365863,0,0,Passed
Programming session,365866,0,0,Passed
Programming session,365868,0,0,Passed
Programming session,365870,0,0,Passed
Programming session,365891,0,0,Passed
Programming session,365910,0,0,Passed
Programming session,763904,0,0,Passed
Programming session,365926,0,0,Passed
Programming session,365932,0,0,Passed
Programming session,365934,0,0,Passed
Programming session,365936,0,0,Passed
Programming session,365956,0,0,Passed
Programming session,365975,0,0,Passed
Programming session,365986,0,0,Passed
Programming session,365988,0,0,Passed
Programming session,365990,0,0,Passed
Programming session,365992,0,0,Passed
Programming session,366007,0,0,Passed
Programming session,366025,0,0,Passed
Programming session,366029,0,0,Passed
Programming session,366043,0,0,Passed
Programming session,366051,0,0,Passed
Programming session,366053,0,0,Passed
Programming session,366056,0,0,Passed
Programming session,366083,0,0,Passed
Programming session,366129,0,0,Passed
Valid functionally all sessions supported,331433,0,0,Passed
Valid functional extendedDiagnosticSession,385428,0,0,NA
Valid functional defaultSession non supported service,385446,0,0,Passed
Valid functional extendedDiagnosticSession non supported service,385490,0,0,Passed
Valid functional extendedDiagnosticSession,331291,0,0,Passed
Valid physical extendedDiagnosticSession,337173,0,0,Passed
Valid functional defaultSession supported service,302240,0,0,Passed
Valid functional extendedDiagnosticSession supported service,293469,0,0,Passed
Valid functional defaultSession non supported service,293471,0,0,NA
Valid functional extendedDiagnosticSession non supported service,302250,0,0,NA
Valid functional extendedDiagnosticSession supported service,294441,0,0,Failed
Valid functional extendedDiagnosticSession supported service,331154,0,0,Passed
Valid functional defaultSession non supported service,294485,0,0,Passed
Valid functional extendedDiagnosticSession non supported service,294444,0,0,NA
Valid functional extendedDiagnosticSession supported service,294604,0,0,Passed
Valid functional extendedDiagnosticSession supported service,294622,0,0,Failed
Valid functional defaultSession WriteDataByIdentifier (0x2E) not supported,375543,0,0,Passed
Valid functional extendedDiagnosticSession WriteDataByIdentifier (0x2E) not supported,370839,0,0,NA
Valid functional extendedDiagnosticSession supported service,294800,0,0,Passed
Valid functional extendedDiagnosticSession supported service,294852,0,0,Passed
Valid functional extendedDiagnosticSession supported service,294866,0,0,Failed
Valid functional extendedDiagnosticSession supported service,294875,0,0,Failed
Valid functional extendedDiagnosticSession supported service,294906,0,0,NA
Valid functional extendedDiagnosticSession non supported service,294908,0,0,Passed
Valid functional extendedDiagnosticSession supported service,294925,0,0,NA
Valid functional extendedDiagnosticSession non supported service,294929,0,0,Passed
Valid functional extendedDiagnosticSession supported service,295002,0,0,NA
Valid functional extendedDiagnosticSession non supported service,295004,0,0,Passed
Valid functional extendedDiagnosticSession supported service,295025,0,0,NA
Valid functional extendedDiagnosticSession non supported service,295028,0,0,Passed
Valid functional extendedDiagnosticSession supported service,295045,0,0,Failed
Valid functional defaultSession non supported service,295047,0,0,Passed
Valid functional extendedDiagnosticSession supported service,295055,0,0,Passed
Valid physical extendedDiagnosticSession non supported service,295074,0,0,Passed
Valid physical extendedDiagnosticSession non supported service,295077,0,0,Passed
Valid functional extendedDiagnosticSession non supported service,295080,0,0,Passed
Valid functional extendedDiagnosticSession non supported service,295083,0,0,Passed
Valid functional extendedDiagnosticSession non supported service,333999,0,0,Passed
Valid physical extendedDiagnosticSession,172959,0,0,Passed
Valid physical all sessions,155787,0,0,Passed
Valid functional extendedDiagnosticSession supported service,173602,0,0,Passed
Valid functional extendedDiagnosticSession supported service,400777,0,0,Failed
Valid physical extendedDiagnosticSession supported service,155463,0,0,Passed
Valid physical extendedDiagnosticSession,166883,0,0,Passed
Valid physical extendedDiagnosticSession,155793,0,0,Failed
Valid functionally all sessions supported,371740,0,0,Passed
Valid functional programmingsession,374823,0,0,Passed
Valid physical programmingsession,374821,0,0,Passed
Valid functional ProgrammingSession supported service,173006,0,0,NotExecuted
Valid Functional Programming Session supported service,197067,0,0,NotExecuted
Valid functional programmingSession supported service,197111,0,0,NotExecuted
Valid functional programmingSession supported service,197059,0,0,NotExecuted
Valid Functional Write Data by Identifier(0x2E) not supported,371099,0,0,NotExecuted
Valid functional programmingSession supported service,227220,0,0,NotExecuted
Valid functional programmingSession,175129,0,0,NotExecuted
Valid physical defaultSession supported service,1509202,0,0,NotExecuted
Valid physical programmingSession,196979,0,0,NotExecuted
Valid physical programmingSession,197008,0,0,NotExecuted
Valid functional programmingSession,197055,0,0,NotExecuted
Programming Session,129517,0,0,Passed
Programming Session,129522,0,0,Passed
Programming Session,129532,0,0,Passed
Programming Session,129537,0,0,Passed
Programming Session,129614,0,0,Passed
Programming Session,129619,0,0,Passed
Programming Session,129552,0,0,NotExecuted
Programming Session,129557,0,0,NotExecuted
Programming Session,129594,0,0,Passed
Programming Session,129662,0,0,Passed
Programming Session,129667,0,0,Passed
Programming Session,129572,0,0,Passed
Programming Session,129577,0,0,Passed
Programming Session,129642,0,0,Passed
Programming Session,129647,0,0,Passed
Programming Session,129714,0,0,Failed
Programming Session,129721,0,0,Passed
Programming Session,129736,0,0,Passed
Programming Session,386753,0,0,Failed
Programming Session,129741,0,0,Passed
Programming Session,129756,0,0,Passed
Programming Session,129761,0,0,NA
Programming Session,129776,0,0,Passed
Programming Session,386187,0,0,Failed
Programming Session,129802,0,0,Failed
Programming Session,129795,0,0,Failed
Programming Session,129819,0,0,Passed
Programming Session,129842,0,0,Passed
Programming Session,129857,0,0,Passed
